0;Os frangos são os animais mais consumidos no mundo.
1;A carne bovina é a segunda mais consumida no mundo.
2;A carne suína é a terceira mais consumida no mundo.
3;O frango é o único animal que não sente dor.
4;A maior parte da carne de frango é composta de água.
5;A carne vermelha contém um pigmento chamado mioglobina, que é responsável pelo seu colorido.
6;A carne branca é composta principalmente de gordura.
7;A carne de frango é mais saudável que a carne vermelha.
8;O frango é um dos poucos animais que podem comer todos os tipos de alimentos.
9;A carne de frango é mais magra que a carne de vaca.
10;A carne de porco é a carne mais gordurosa.
11;A carne de frango é boa para a saúde.
12;A carne de porco é rica em proteínas.
13;A carne de vaca é rica em ferro.
14;A carne de frango é rica em vitamina B.
15;A carne de porco é rica em vitamina B12.
16;A carne de vaca é rica em vitamina B12.
17;A carne de frango é pobre em gorduras saturadas.
18;A carne de porco é rica em gorduras saturadas.
19;A carne de vaca é rica em gorduras saturadas.
20;A carne de frango é rica em proteínas.
21;A carne de vaca é rica em proteínas.
22;A carne de porco é rica em proteínas.
23;A carne de frango é boa para a saúde.
24;A carne de vaca é boa para a saúde.
25;A carne de porco é boa para a saúde.
26;A carne de frango é baixa em calorias.
27;A carne de vaca é baixa em calorias.
28;A carne de porco é baixa em calorias.
29;A carne de frango é baixa em gorduras saturadas.
30;A carne de vaca é baixa em gorduras saturadas.
31;A carne de porco é baixa em gorduras saturadas.
32;A carne de frango é baixa em gorduras saturadas.
33;A carne de vaca é baixa em gorduras saturadas.
34;A carne de porco é baixa em gorduras saturadas.
35;A carne de frango é baixa em gorduras saturadas.
36;A carne de vaca é baixa em gorduras saturadas.
37;A carne de porco é baixa em gorduras saturadas.
38;A carne de frango é rica em proteínas.
39;A carne de vaca é rica em proteínas.
40;A carne de porco é rica em proteínas.
41;A carne de frango é baixa em calorias.
42;A carne de vaca é baixa em calorias.
43;A carne de porco é baixa em calorias.
44;A carne de frango é baixa em gorduras saturadas.
45;A carne de vaca é baixa em gorduras saturadas.
46;A carne de porco é baixa em gorduras saturadas.
47;A carne de frango é baixa em gorduras saturadas.
48;A carne de vaca é baixa em gorduras saturadas.
49;A carne de porco é baixa em gorduras saturadas.
50;A carne de frango é baixa em gorduras saturadas.
51;A carne de vaca é baixa em gorduras saturadas.
52;A carne de porco é baixa em gorduras saturadas.
53;A carne de frango é rica em proteínas.
54;A carne de vaca é rica em proteínas.
55;A carne de porco é rica em proteínas.