0;Estudos mostram que o consumo de laticínios aumenta o risco de câncer de próstata.
1;A maioria das pessoas não tolera bem o leite após a adolescência.
2;A maior parte do leite produzido no mundo é de vacas leiteiras.
3;O leite materno é o alimento mais completo para bebês.
4;O leite de soja não é um substituto completo do leite de vaca para bebês.
5;O queijo cottage é feito de leite de vaca que não foi pasteurizado.
6;O leite de cabra é mais saudável que o leite de vaca.
7;O leite de amêndoa é uma opção saudável para quem não pode consumir laticínios.
8;O queijo é um alimento que pode fazer você passar mal se não for bem digerido.
9;O queijo é rico em cálcio, mas também contém gordura saturada.
10;A maioria dos laticínios contém lactose, uma substância que muitas pessoas não podem tolerar.
11;O leite materno é o alimento mais completo para bebês, mas o leite de vaca também é uma boa opção.
12;O leite de soja não é um substituto completo do leite de vaca para bebês, mas é uma boa opção para quem não pode consumir laticínios.
13;O queijo cottage é feito de leite de vaca que não foi pasteurizado, o que significa que ele pode conter bactérias que podem causar doenças.
14;O leite de cabra é mais saudável que o leite de vaca, pois é rico em ácidos graxos monoinsaturados e é baixo em gordura saturada.
15;O leite de amêndoa é uma opção saudável para quem não pode consumir laticínios, pois é baixo em gordura e rico em fibras.
16;O salsichão é um embutido feito de carne de porco.
17;O chouriço é um embutido feito de carne de porco e especiarias.
18;O chouriço português é mais picante que o chouriço espanhol.
19;O Linguiça é um embutido feito de carne de porco e especiarias.
20;O chouriço é um embutido muito popular na América Latina.
21;O jamon serrano é um embutido feito de carne de porco.
22;O jamon iberico é um embutido feito de carne de porco.
23;O salame é um embutido feito de carne de porco e especiarias.
24;O mortadela é um embutido feito de carne de porco e especiarias.
25;A sopressata é um embutido feito de carne de porco.
26;O pancetta é um embutido feito de carne de porco.
27;A coppa é um embutido feito de carne de porco.
28;O lombo embutido é um embutido feito de carne de porco.
29;A calabresa é um embutido feito de carne de porco.
30;O embutido é um alimento muito popular em festas e eventos.
31;O embutido pode ser consumido cru ou cozido.
32;O embutido é uma boa fonte de proteína.
33;O embutido pode ser temperado de acordo com o seu gosto.
34;O chouriço é um embutido que pode ser encontrado em diversos tamanhos.
35;O jamon serrano é um embutido que pode ser encontrado em diversos tamanhos.
36;O jamon iberico é um embutido que pode ser encontrado em diversos tamanhos.
37;O salame é um embutido que pode ser encontrado em diversos tamanhos.
38;O mortadela é um embutido que pode ser encontrado em diversos tamanhos.
39;A sopressata é um embutido que pode ser encontrado em diversos tamanhos.
40;O pancetta é um embutido que pode ser encontrado em diversos tamanhos.
41;A coppa é um embutido que pode ser encontrado em diversos tamanhos.
42;O lombo embutido é um embutido que pode ser encontrado em diversos tamanhos.
43;A calabresa é um embutido que pode ser encontrado em diversos tamanhos.
44;O chouriço português é um embutido muito popular na América Latina.
45;O chouriço espanhol é um embutido muito popular na América Latina.
46;O linguiça é um embutido muito popular na América Latina.
47;O jamon serrano é um embutido muito popular na América Latina.
48;O jamon iberico é um embutido muito popular na América Latina.
49;O salame é um embutido muito popular na América Latina.
50;O mortadela é um embutido muito popular na América Latina.
51;A sopressata é um embutido muito popular na América Latina.
52;O pancetta é um embutido muito popular na América Latina.
53;A coppa é um embutido muito popular na América Latina.
54;O lombo embutido é um embutido muito popular na América Latina.
55;A calabresa é um embutido muito popular na América Latina.
56;O chouriço português é um embutido que pode ser encontrado em diversos tamanhos.
57;O chouriço espanhol é um embutido que pode ser encontrado em diversos tamanhos.
58;O linguiça é um embutido que pode ser encontrado em diversos tamanhos.
59;O jamon serrano é um embutido que pode ser encontrado em diversos tamanhos.
60;O jamon iberico é um embutido que pode ser encontrado em diversos tamanhos.
61;O salame é um embutido que pode ser encontrado em diversos tamanhos.
62;O mortadela é um embutido que pode ser encontrado em diversos tamanhos.
63;A sopressata é um embutido que pode ser encontrado em diversos tamanhos.
64;O pancetta é um embutido que pode ser encontrado em diversos tamanhos.
65;A coppa é um embutido que pode ser encontrado em diversos tamanhos.
66;O lombo embutido é um embutido que pode ser encontrado em diversos tamanhos.
67;A calabresa é um embutido que pode ser encontrado em diversos tamanhos.
68;O chouriço é um embutido que pode ser consumido cru ou cozido.
69;O chouriço é um embutido que pode ser temperado de acordo com o seu gosto.
70;O chouriço é um embutido que pode ser encontrado em diversos tamanhos.